{
  "name": "financeflow-backend",
  "version": "1.0.0",
  "private": true,
  "main": "dist/server.js",
  "scripts": {
    "dev": "nodemon",
    "build": "tsc && tsc-alias",
    "start": "node dist/server.js",
    "test": "jest --watchAll",
    "test:ci": "jest --ci --coverage --maxWorkers=2",
    "test:integration": "jest --testPathPattern=integration --runInBand",
    "lint": "eslint . --ext .ts",
    "lint:fix": "eslint . --ext .ts --fix",
    "type-check": "tsc --noEmit",
    "db:migrate": "prisma migrate dev",
    "db:migrate:prod": "prisma migrate deploy",
    "db:generate": "prisma generate",
    "db:seed": "tsx src/database/seed.ts",
    "db:reset": "prisma migrate reset",
    "db:studio": "prisma studio"
  },
  "dependencies": {
    "@prisma/client": "^5.7.1",
    "argon2": "^0.31.2",
    "aws-sdk": "^2.1510.0",
    "axios": "^1.6.2",
    "bull": "^4.11.5",
    "compression": "^1.7.4",
    "cors": "^2.8.5",
    "date-fns": "^2.30.0",
    "dotenv": "^16.3.1",
    "express": "^4.18.2",
    "express-rate-limit": "^7.1.5",
    "express-validator": "^7.0.1",
    "helmet": "^7.1.0",
    "ioredis": "^5.3.2",
    "joi": "^17.11.0",
    "jsonwebtoken": "^9.0.2",
    "morgan": "^1.10.0",
    "multer": "^1.4.5-lts.1",
    "nodemailer": "^6.9.7",
    "passport": "^0.7.0",
    "passport-google-oauth20": "^2.0.0",
    "passport-jwt": "^4.0.1",
    "passport-local": "^1.0.0",
    "plaid": "^18.0.0",
    "prom-client": "^15.1.0",
    "speakeasy": "^2.0.0",
    "stripe": "^14.10.0",
    "tesseract.js": "^5.0.4",
    "winston": "^3.11.0",
    "zod": "^3.22.4"
  },
  "devDependencies": {
    "@types/compression": "^1.7.5",
    "@types/cors": "^2.8.17",
    "@types/express": "^4.17.21",
    "@types/jest": "^29.5.11",
    "@types/jsonwebtoken": "^9.0.5",
    "@types/morgan": "^1.9.9",
    "@types/multer": "^1.4.11",
    "@types/node": "^20.10.5",
    "@types/nodemailer": "^6.4.14",
    "@types/passport": "^1.0.16",
    "@types/passport-google-oauth20": "^2.0.14",
    "@types/passport-jwt": "^4.0.0",
    "@types/passport-local": "^1.0.38",
    "@types/speakeasy": "^2.0.10",
    "@types/supertest": "^6.0.2",
    "@typescript-eslint/eslint-plugin": "^6.15.0",
    "@typescript-eslint/parser": "^6.15.0",
    "eslint": "^8.56.0",
    "jest": "^29.7.0",
    "nodemon": "^3.0.2",
    "prisma": "^5.7.1",
    "supertest": "^6.3.3",
    "ts-jest": "^29.1.1",
    "ts-node": "^10.9.2",
    "tsc-alias": "^1.8.8",
    "tsconfig-paths": "^4.2.0",
    "tsx": "^4.7.0",
    "typescript": "^5.3.3"
  },
  "engines": {
    "node": ">=18.0.0"
  }
}
