{
  "name": "financeflow-frontend",
  "version": "1.0.0",
  "private": true,
  "scripts": {
    "dev": "next dev",
    "build": "next build",
    "start": "next start",
    "lint": "next lint",
    "test": "jest --watch",
    "test:ci": "jest --ci --coverage",
    "type-check": "tsc --noEmit",
    "analyze": "ANALYZE=true next build"
  },
  "dependencies": {
    "@hookform/resolvers": "^3.3.2",
    "@radix-ui/react-alert-dialog": "^1.0.5",
    "@radix-ui/react-dialog": "^1.0.5",
    "@radix-ui/react-dropdown-menu": "^2.0.6",
    "@radix-ui/react-label": "^2.0.2",
    "@radix-ui/react-popover": "^1.0.7",
    "@radix-ui/react-select": "^2.0.0",
    "@radix-ui/react-slot": "^1.0.2",
    "@radix-ui/react-tabs": "^1.0.4",
    "@radix-ui/react-toast": "^1.1.5",
    "@radix-ui/react-tooltip": "^1.0.7",
    "@tanstack/react-query": "^5.12.2",
    "@tanstack/react-table": "^8.10.7",
    "axios": "^1.6.2",
    "chart.js": "^4.4.1",
    "class-variance-authority": "^0.7.0",
    "clsx": "^2.0.0",
    "d3": "^7.8.5",
    "date-fns": "^2.30.0",
    "framer-motion": "^10.16.16",
    "lucide-react": "^0.294.0",
    "next": "14.0.4",
    "next-auth": "^4.24.5",
    "next-themes": "^0.2.1",
    "react": "^18.2.0",
    "react-chartjs-2": "^5.2.0",
    "react-dom": "^18.2.0",
    "react-hook-form": "^7.48.2",
    "react-plaid-link": "^3.5.1",
    "recharts": "^2.10.3",
    "sharp": "^0.33.1",
    "tailwind-merge": "^2.2.0",
    "tailwindcss-animate": "^1.0.7",
    "zod": "^3.22.4",
    "zustand": "^4.4.7"
  },
  "devDependencies": {
    "@next/bundle-analyzer": "^14.0.4",
    "@testing-library/jest-dom": "^6.1.5",
    "@testing-library/react": "^14.1.2",
    "@testing-library/user-event": "^14.5.1",
    "@types/d3": "^7.4.3",
    "@types/jest": "^29.5.11",
    "@types/node": "^20.10.5",
    "@types/react": "^18.2.45",
    "@types/react-dom": "^18.2.18",
    "@typescript-eslint/eslint-plugin": "^6.15.0",
    "@typescript-eslint/parser": "^6.15.0",
    "autoprefixer": "^10.4.16",
    "eslint": "^8.56.0",
    "eslint-config-next": "14.0.4",
    "eslint-config-prettier": "^9.1.0",
    "jest": "^29.7.0",
    "jest-environment-jsdom": "^29.7.0",
    "postcss": "^8.4.32",
    "prettier": "^3.1.1",
    "prettier-plugin-tailwindcss": "^0.5.9",
    "tailwindcss": "^3.4.0",
    "typescript": "^5.3.3"
  }
}
